customer_id,sales
AD-10180,6106.879999999999
KH-16510,5952.859000000002
JE-16165,2697.248
