,customer_id,sales,profit
0,PF-19120,9022.324,-614.2943000000002
1,KD-16495,7039.044000000001,3038.6254
2,CM-12385,6682.259999999999,3899.8903999999998
3,FH-14365,6056.089999999999,2050.2826
4,NW-18400,5511.316,1023.1230000000003
5,SB-20185,5414.246,885.4624
6,JH-15985,5352.786,-644.6981999999998
7,HM-14860,5327.802000000001,2437.9836
8,CB-12025,4662.553,150.2089
9,QJ-19255,4409.849999999999,1203.6768
